{
    "name": "EarlyBird",
    "date": "2021-04-03",
    "cutToTop": 0,
    "preliminaryRounds": 6,
    "tournamentOrganiser": {
        "nrdbId": "",
        "nrdbUsername": "YsengrinSC"
    },
    "players": [
        {
            "id": 0,
            "name": "lostgeek",
            "rank": "1",
            "corpIdentity": "Haas-Bioroid: Precision Design",
            "runnerIdentity": "MaxX: Maximum Punk Rock",
            "matchPoints": "15",
            "strengthOfSchedule": 1.75,
            "extendedStrengthOfSchedule": 0.29158,
            "sideBalance": "0"
        },
        {
            "id": 1,
            "name": "solemn_storm",
            "rank": "2",
            "corpIdentity": "NBN: Controlling the Message",
            "runnerIdentity": "Valencia Estevez: The Angel of Cayambe",
            "matchPoints": "15",
            "strengthOfSchedule": 1.7273,
            "extendedStrengthOfSchedule": 0.292685,
            "sideBalance": "0"
        },
        {
            "id": 2,
            "name": "longi",
            "rank": "3",
            "corpIdentity": "The Outfit: Family Owned and Operated",
            "runnerIdentity": "Zahya Sadeghi: Versatile Smuggler",
            "matchPoints": "15",
            "strengthOfSchedule": 1.6667,
            "extendedStrengthOfSchedule": 0.271821,
            "sideBalance": "0"
        },
        {
            "id": 3,
            "name": "Pinsel",
            "rank": "4",
            "corpIdentity": "Asa Group: Security Through Vigilance",
            "runnerIdentity": "MaxX: Maximum Punk Rock",
            "matchPoints": "12",
            "strengthOfSchedule": 1.8333,
            "extendedStrengthOfSchedule": 0.264059,
            "sideBalance": "0"
        },
        {
            "id": 4,
            "name": "Sanjay",
            "rank": "5",
            "corpIdentity": "Argus Security: Protection Guaranteed",
            "runnerIdentity": "Jesminder Sareen: Girl Behind the Curtain",
            "matchPoints": "12",
            "strengthOfSchedule": 1.8333,
            "extendedStrengthOfSchedule": 0.255235,
            "sideBalance": "0"
        },
        {
            "id": 5,
            "name": "percomis",
            "rank": "6",
            "corpIdentity": "Asa Group: Security Through Vigilance",
            "runnerIdentity": "MaxX: Maximum Punk Rock",
            "matchPoints": "12",
            "strengthOfSchedule": 1.75,
            "extendedStrengthOfSchedule": 0.267138,
            "sideBalance": "0"
        },
        {
            "id": 6,
            "name": "happy",
            "rank": "7",
            "corpIdentity": "Haas-Bioroid: Precision Design",
            "runnerIdentity": "MaxX: Maximum Punk Rock",
            "matchPoints": "12",
            "strengthOfSchedule": 1.75,
            "extendedStrengthOfSchedule": 0.258205,
            "sideBalance": "0"
        },
        {
            "id": 7,
            "name": "simonmoon",
            "rank": "8",
            "corpIdentity": "Asa Group: Security Through Vigilance",
            "runnerIdentity": "419: Amoral Scammer",
            "matchPoints": "12",
            "strengthOfSchedule": 1.6875,
            "extendedStrengthOfSchedule": 0.301373,
            "sideBalance": "0"
        },
        {
            "id": 8,
            "name": "moveableObject",
            "rank": "9",
            "corpIdentity": "Weyland Consortium: Built to Last",
            "runnerIdentity": "MaxX: Maximum Punk Rock",
            "matchPoints": "12",
            "strengthOfSchedule": 1.6667,
            "extendedStrengthOfSchedule": 0.266765,
            "sideBalance": "0"
        },
        {
            "id": 9,
            "name": "HerbartKlopstock",
            "rank": "10",
            "corpIdentity": "Haas-Bioroid: Precision Design",
            "runnerIdentity": "MaxX: Maximum Punk Rock",
            "matchPoints": "12",
            "strengthOfSchedule": 1.5,
            "extendedStrengthOfSchedule": 0.273301,
            "sideBalance": "0"
        },
        {
            "id": 10,
            "name": "meetingadjourned",
            "rank": "11",
            "corpIdentity": "Sportsmetal: Go Big or Go Home",
            "runnerIdentity": "Edward Kim: Humanity's Hammer",
            "matchPoints": "12",
            "strengthOfSchedule": 1.4571,
            "extendedStrengthOfSchedule": 0.241357,
            "sideBalance": "0"
        },
        {
            "id": 11,
            "name": "shiiuga",
            "rank": "12",
            "corpIdentity": "The Outfit: Family Owned and Operated",
            "runnerIdentity": "Ren\u00e9 \"Loup\" Arcemont: Party Animal",
            "matchPoints": "12",
            "strengthOfSchedule": 1.4483,
            "extendedStrengthOfSchedule": 0.352874,
            "sideBalance": "0"
        },
        {
            "id": 12,
            "name": "SimpyTheOnion",
            "rank": "13",
            "corpIdentity": "MirrorMorph: Endless Iteration",
            "runnerIdentity": "Hoshiko Shiro: Untold Protagonist",
            "matchPoints": "12",
            "strengthOfSchedule": 1.1786,
            "extendedStrengthOfSchedule": 0.292214,
            "sideBalance": "0"
        },
        {
            "id": 13,
            "name": "terrificy",
            "rank": "14",
            "corpIdentity": "Asa Group: Security Through Vigilance",
            "runnerIdentity": "MaxX: Maximum Punk Rock",
            "matchPoints": "9",
            "strengthOfSchedule": 2.0,
            "extendedStrengthOfSchedule": 0.240109,
            "sideBalance": "0"
        },
        {
            "id": 14,
            "name": "testrunning",
            "rank": "15",
            "corpIdentity": "Haas-Bioroid: Precision Design",
            "runnerIdentity": "Freedom Khumalo: Crypto-Anarchist",
            "matchPoints": "9",
            "strengthOfSchedule": 1.6765,
            "extendedStrengthOfSchedule": 0.275624,
            "sideBalance": "0"
        },
        {
            "id": 15,
            "name": "solomir",
            "rank": "16",
            "corpIdentity": "Sportsmetal: Go Big or Go Home",
            "runnerIdentity": "Steve Cambridge: Master Grifter",
            "matchPoints": "9",
            "strengthOfSchedule": 1.6071,
            "extendedStrengthOfSchedule": 0.267139,
            "sideBalance": "0"
        },
        {
            "id": 16,
            "name": "yucaBEAN",
            "rank": "17",
            "corpIdentity": "P?lan? Foods: Sustainable Growth",
            "runnerIdentity": "T?o Salonga: Telepresence Magician",
            "matchPoints": "9",
            "strengthOfSchedule": 1.5,
            "extendedStrengthOfSchedule": 0.286249,
            "sideBalance": "0"
        },
        {
            "id": 17,
            "name": "ArminFirecracker",
            "rank": "18",
            "corpIdentity": "MirrorMorph: Endless Iteration",
            "runnerIdentity": "T?o Salonga: Telepresence Magician",
            "matchPoints": "9",
            "strengthOfSchedule": 1.4167,
            "extendedStrengthOfSchedule": 0.262935,
            "sideBalance": "0"
        },
        {
            "id": 18,
            "name": "jfoley",
            "rank": "19",
            "corpIdentity": "Haas-Bioroid: Precision Design",
            "runnerIdentity": "Ele \"Smoke\" Scovak: Cynosure of the Net",
            "matchPoints": "6",
            "strengthOfSchedule": 1.7647,
            "extendedStrengthOfSchedule": 0.267661,
            "sideBalance": "0"
        },
        {
            "id": 19,
            "name": "d1en/dien",
            "rank": "20",
            "corpIdentity": "NBN: Controlling the Message",
            "runnerIdentity": "Valencia Estevez: The Angel of Cayambe",
            "matchPoints": "6",
            "strengthOfSchedule": 1.5938,
            "extendedStrengthOfSchedule": 0.252266,
            "sideBalance": "0"
        },
        {
            "id": 20,
            "name": "Shorty",
            "rank": "21",
            "corpIdentity": "NBN: Reality Plus",
            "runnerIdentity": "Ken \"Express\" Tenma: Disappeared Clone",
            "matchPoints": "6",
            "strengthOfSchedule": 1.5882,
            "extendedStrengthOfSchedule": 0.25014,
            "sideBalance": "0"
        },
        {
            "id": 21,
            "name": "Aruzan",
            "rank": "22",
            "corpIdentity": "Asa Group: Security Through Vigilance",
            "runnerIdentity": "Kabonesa Wu: Netspace Thrillseeker",
            "matchPoints": "6",
            "strengthOfSchedule": 1.5,
            "extendedStrengthOfSchedule": 0.259276,
            "sideBalance": "0"
        },
        {
            "id": 22,
            "name": "branimated",
            "rank": "23",
            "corpIdentity": "Haas-Bioroid: Precision Design",
            "runnerIdentity": "Valencia Estevez: The Angel of Cayambe",
            "matchPoints": "6",
            "strengthOfSchedule": 1.5,
            "extendedStrengthOfSchedule": 0.24043,
            "sideBalance": "0"
        },
        {
            "id": 23,
            "name": "cheapskates/joshua",
            "rank": "24",
            "corpIdentity": "Weyland Consortium: Built to Last",
            "runnerIdentity": "Ayla \"Bios\" Rahim: Simulant Specialist",
            "matchPoints": "6",
            "strengthOfSchedule": 1.4118,
            "extendedStrengthOfSchedule": 0.231956,
            "sideBalance": "0"
        },
        {
            "id": 24,
            "name": "Diomedes",
            "rank": "25",
            "corpIdentity": "Asa Group: Security Through Vigilance",
            "runnerIdentity": "T?o Salonga: Telepresence Magician",
            "matchPoints": "6",
            "strengthOfSchedule": 1.375,
            "extendedStrengthOfSchedule": 0.25878,
            "sideBalance": "0"
        },
        {
            "id": 25,
            "name": "daine/dainestevens",
            "rank": "26",
            "corpIdentity": "Haas-Bioroid: Architects of Tomorrow",
            "runnerIdentity": "Steve Cambridge: Master Grifter",
            "matchPoints": "6",
            "strengthOfSchedule": 1.3235,
            "extendedStrengthOfSchedule": 0.271266,
            "sideBalance": "0"
        },
        {
            "id": 26,
            "name": "raouldukelives",
            "rank": "27",
            "corpIdentity": "Jinteki: Restoring Humanity",
            "runnerIdentity": "Freedom Khumalo: Crypto-Anarchist",
            "matchPoints": "6",
            "strengthOfSchedule": 1.3043,
            "extendedStrengthOfSchedule": 0.261692,
            "sideBalance": "0"
        },
        {
            "id": 27,
            "name": "Deus Mortis",
            "rank": "28",
            "corpIdentity": "P?lan? Foods: Sustainable Growth",
            "runnerIdentity": "Kabonesa Wu: Netspace Thrillseeker",
            "matchPoints": "6",
            "strengthOfSchedule": 1.2353,
            "extendedStrengthOfSchedule": 0.275087,
            "sideBalance": "0"
        },
        {
            "id": 28,
            "name": "robotmascot",
            "rank": "29",
            "corpIdentity": "NBN: Reality Plus",
            "runnerIdentity": "419: Amoral Scammer",
            "matchPoints": "6",
            "strengthOfSchedule": 1.125,
            "extendedStrengthOfSchedule": 0.26703,
            "sideBalance": "0"
        },
        {
            "id": 29,
            "name": "postis",
            "rank": "30",
            "corpIdentity": "P?lan? Foods: Sustainable Growth",
            "runnerIdentity": "Zahya Sadeghi: Versatile Smuggler",
            "matchPoints": "6",
            "strengthOfSchedule": 1.0,
            "extendedStrengthOfSchedule": 0.253369,
            "sideBalance": "0"
        },
        {
            "id": 30,
            "name": "enkoder",
            "rank": "31",
            "corpIdentity": "AgInfusion: New Miracles for a New World",
            "runnerIdentity": "Hoshiko Shiro: Untold Protagonist",
            "matchPoints": "3",
            "strengthOfSchedule": 1.25,
            "extendedStrengthOfSchedule": 0.229462,
            "sideBalance": "0"
        },
        {
            "id": 31,
            "name": "DoomRat",
            "rank": "32",
            "corpIdentity": "Haas-Bioroid: Precision Design",
            "runnerIdentity": "Hoshiko Shiro: Untold Protagonist",
            "matchPoints": "3",
            "strengthOfSchedule": 1.2273,
            "extendedStrengthOfSchedule": 0.274938,
            "sideBalance": "0"
        },
        {
            "id": 32,
            "name": "Koschei",
            "rank": "33",
            "corpIdentity": "Earth Station: SEA Headquarters",
            "runnerIdentity": "Nathaniel \"Gnat\" Hall: One-of-a-Kind",
            "matchPoints": "0",
            "strengthOfSchedule": 1.5429,
            "extendedStrengthOfSchedule": 0.21859,
            "sideBalance": "0"
        },
        {
            "id": 33,
            "name": "sruman",
            "rank": "34",
            "corpIdentity": "Haas-Bioroid: Architects of Tomorrow",
            "runnerIdentity": "Rielle \"Kit\" Peddler: Transhuman",
            "matchPoints": "0",
            "strengthOfSchedule": 1.0909,
            "extendedStrengthOfSchedule": 0.247296,
            "sideBalance": "0"
        }
    ],
    "eliminationPlayers": {},
    "uploadedFrom": "SASS",
    "links": {
        "0": {
            "rel": "schemaderivedfrom",
            "href": "http://steffens.org/nrtm/nrtm-schema.json"
        },
        "1": {
            "rel": "uploadedfrom",
            "href": "https://github.com/Chemscribbler/Netrunner/tree/main/SingleSided_App"
        }
    }
}